epoch,train_loss,test_loss
1,0.2070520520210266,0.1910562515258789
