epoch,train_loss,test_loss
1,0.3207945251579691,0.2777543901876736
