epoch,train_loss,test_loss
1,0.2889934310350332,0.24649197162109746
