epoch,train_loss,test_loss
1,0.3024900763853543,0.26769305126335946
