epoch,train_loss,test_loss
1,0.15225480496883392,0.14495237171649933
