epoch,train_loss,test_loss
1,0.18422584235668182,0.1634552925825119
