epoch,train_loss,test_loss
1,0.16698542643677106,0.13255920074880123
